{
  "hash": "25774329",
  "configHash": "00d7444c",
  "lockfileHash": "1babd202",
  "browserHash": "bcb41f61",
  "optimized": {
    "@angular/common": {
      "src": "../../../../../../node_modules/@angular/common/fesm2022/common.mjs",
      "file": "@angular_common.js",
      "fileHash": "b08ebdef",
      "needsInterop": false
    },
    "@angular/common/http": {
      "src": "../../../../../../node_modules/@angular/common/fesm2022/http.mjs",
      "file": "@angular_common_http.js",
      "fileHash": "b551753d",
      "needsInterop": false
    },
    "@angular/core": {
      "src": "../../../../../../node_modules/@angular/core/fesm2022/core.mjs",
      "file": "@angular_core.js",
      "fileHash": "d3f355a8",
      "needsInterop": false
    },
    "@angular/forms": {
      "src": "../../../../../../node_modules/@angular/forms/fesm2022/forms.mjs",
      "file": "@angular_forms.js",
      "fileHash": "22682056",
      "needsInterop": false
    },
    "@angular/platform-browser": {
      "src": "../../../../../../node_modules/@angular/platform-browser/fesm2022/platform-browser.mjs",
      "file": "@angular_platform-browser.js",
      "fileHash": "f9dc650b",
      "needsInterop": false
    },
    "@angular/platform-browser/animations/async": {
      "src": "../../../../../../node_modules/@angular/platform-browser/fesm2022/animations/async.mjs",
      "file": "@angular_platform-browser_animations_async.js",
      "fileHash": "462a22c6",
      "needsInterop": false
    },
    "@angular/platform-server": {
      "src": "../../../../../../node_modules/@angular/platform-server/fesm2022/platform-server.mjs",
      "file": "@angular_platform-server.js",
      "fileHash": "82a4f142",
      "needsInterop": false
    },
    "@angular/router": {
      "src": "../../../../../../node_modules/@angular/router/fesm2022/router.mjs",
      "file": "@angular_router.js",
      "fileHash": "e266a85f",
      "needsInterop": false
    },
    "@angular/ssr": {
      "src": "../../../../../../node_modules/@angular/ssr/fesm2022/ssr.mjs",
      "file": "@angular_ssr.js",
      "fileHash": "de851b91",
      "needsInterop": false
    },
    "@angular/ssr/node": {
      "src": "../../../../../../node_modules/@angular/ssr/fesm2022/node.mjs",
      "file": "@angular_ssr_node.js",
      "fileHash": "690c5ada",
      "needsInterop": false
    },
    "@primeng/themes/aura": {
      "src": "../../../../../../node_modules/@primeng/themes/aura/index.mjs",
      "file": "@primeng_themes_aura.js",
      "fileHash": "2238b5b7",
      "needsInterop": false
    },
    "chart.js/auto": {
      "src": "../../../../../../node_modules/chart.js/auto/auto.js",
      "file": "chart__js_auto.js",
      "fileHash": "83831e14",
      "needsInterop": false
    },
    "express": {
      "src": "../../../../../../node_modules/express/index.js",
      "file": "express.js",
      "fileHash": "995d0b88",
      "needsInterop": true
    },
    "keycloak-angular": {
      "src": "../../../../../../node_modules/keycloak-angular/fesm2022/keycloak-angular.mjs",
      "file": "keycloak-angular.js",
      "fileHash": "5455c12d",
      "needsInterop": false
    },
    "primeng/config": {
      "src": "../../../../../../node_modules/primeng/fesm2022/primeng-config.mjs",
      "file": "primeng_config.js",
      "fileHash": "8d2c6c1c",
      "needsInterop": false
    },
    "rxjs/operators": {
      "src": "../../../../../../node_modules/rxjs/dist/cjs/operators/index.js",
      "file": "rxjs_operators.js",
      "fileHash": "92c42e9c",
      "needsInterop": true
    }
  },
  "chunks": {
    "xhr2-TXIMV6CV": {
      "file": "xhr2-TXIMV6CV.js"
    },
    "browser-R22EEWL7": {
      "file": "browser-R22EEWL7.js"
    },
    "chunk-SAALCFYL": {
      "file": "chunk-SAALCFYL.js"
    },
    "chunk-FBGSZEBJ": {
      "file": "chunk-FBGSZEBJ.js"
    },
    "chunk-7XA42LCD": {
      "file": "chunk-7XA42LCD.js"
    },
    "chunk-S3P4F377": {
      "file": "chunk-S3P4F377.js"
    },
    "chunk-O62YEPRP": {
      "file": "chunk-O62YEPRP.js"
    },
    "chunk-S5AXQ3RQ": {
      "file": "chunk-S5AXQ3RQ.js"
    },
    "chunk-K6LG6YQ2": {
      "file": "chunk-K6LG6YQ2.js"
    },
    "chunk-VESJBO63": {
      "file": "chunk-VESJBO63.js"
    },
    "chunk-GJNSHSL2": {
      "file": "chunk-GJNSHSL2.js"
    },
    "chunk-XOB36AR6": {
      "file": "chunk-XOB36AR6.js"
    },
    "chunk-YHCV7DAQ": {
      "file": "chunk-YHCV7DAQ.js"
    }
  }
}