{
  "hash": "2e363326",
  "configHash": "e325eeae",
  "lockfileHash": "1babd202",
  "browserHash": "6f62e3c5",
  "optimized": {
    "@angular/common": {
      "src": "../../../../../../node_modules/@angular/common/fesm2022/common.mjs",
      "file": "@angular_common.js",
      "fileHash": "b5d8d486",
      "needsInterop": false
    },
    "@angular/common/http": {
      "src": "../../../../../../node_modules/@angular/common/fesm2022/http.mjs",
      "file": "@angular_common_http.js",
      "fileHash": "f2cd1b9c",
      "needsInterop": false
    },
    "@angular/core": {
      "src": "../../../../../../node_modules/@angular/core/fesm2022/core.mjs",
      "file": "@angular_core.js",
      "fileHash": "db0472a6",
      "needsInterop": false
    },
    "@angular/forms": {
      "src": "../../../../../../node_modules/@angular/forms/fesm2022/forms.mjs",
      "file": "@angular_forms.js",
      "fileHash": "9ebb142e",
      "needsInterop": false
    },
    "@angular/platform-browser": {
      "src": "../../../../../../node_modules/@angular/platform-browser/fesm2022/platform-browser.mjs",
      "file": "@angular_platform-browser.js",
      "fileHash": "c51b890e",
      "needsInterop": false
    },
    "@angular/platform-browser/animations/async": {
      "src": "../../../../../../node_modules/@angular/platform-browser/fesm2022/animations/async.mjs",
      "file": "@angular_platform-browser_animations_async.js",
      "fileHash": "53a8d00f",
      "needsInterop": false
    },
    "@angular/router": {
      "src": "../../../../../../node_modules/@angular/router/fesm2022/router.mjs",
      "file": "@angular_router.js",
      "fileHash": "b9e778dd",
      "needsInterop": false
    },
    "@primeng/themes/aura": {
      "src": "../../../../../../node_modules/@primeng/themes/aura/index.mjs",
      "file": "@primeng_themes_aura.js",
      "fileHash": "0343669e",
      "needsInterop": false
    },
    "chart.js/auto": {
      "src": "../../../../../../node_modules/chart.js/auto/auto.js",
      "file": "chart__js_auto.js",
      "fileHash": "4ee8f11d",
      "needsInterop": false
    },
    "keycloak-angular": {
      "src": "../../../../../../node_modules/keycloak-angular/fesm2022/keycloak-angular.mjs",
      "file": "keycloak-angular.js",
      "fileHash": "2e5d1c9a",
      "needsInterop": false
    },
    "primeng/config": {
      "src": "../../../../../../node_modules/primeng/fesm2022/primeng-config.mjs",
      "file": "primeng_config.js",
      "fileHash": "9bee543f",
      "needsInterop": false
    },
    "rxjs/operators": {
      "src": "../../../../../../node_modules/rxjs/dist/esm5/operators/index.js",
      "file": "rxjs_operators.js",
      "fileHash": "4c7f70f8",
      "needsInterop": false
    }
  },
  "chunks": {
    "browser-NMIWI5DQ": {
      "file": "browser-NMIWI5DQ.js"
    },
    "chunk-GZJQ4OUM": {
      "file": "chunk-GZJQ4OUM.js"
    },
    "chunk-GOXOFAVG": {
      "file": "chunk-GOXOFAVG.js"
    },
    "chunk-WZAO7H4M": {
      "file": "chunk-WZAO7H4M.js"
    },
    "chunk-BNJQEG7T": {
      "file": "chunk-BNJQEG7T.js"
    },
    "chunk-IHHW2Z5C": {
      "file": "chunk-IHHW2Z5C.js"
    },
    "chunk-ZDEEPXZG": {
      "file": "chunk-ZDEEPXZG.js"
    },
    "chunk-SLBXKJIU": {
      "file": "chunk-SLBXKJIU.js"
    },
    "chunk-WDMUDEB6": {
      "file": "chunk-WDMUDEB6.js"
    }
  }
}